origin,fold_0,fold_1,fold_2,fold_3,fold_4
0.11447049312853678,0.11425491781191054,0.11425491781191054,0.11479385610347616,0.11452438695769335,0.11452438695769335
0.23443815683104285,0.23443815683104285,0.23443815683104285,0.23443815683104285,0.23443815683104285,0.23443815683104285
0.06849905685798977,0.0684451630288332,0.0684451630288332,0.0684451630288332,0.068714632174616,0.0684451630288332
0.10913500404203719,0.10913500404203719,0.10913500404203719,0.10886553489625438,0.10913500404203719,0.10940447318782
0.30767987065481,0.3077337644839666,0.3077337644839666,0.3077337644839666,0.30746429533818376,0.3077337644839666
0.24920506601994072,0.24925895984909727,0.24925895984909727,0.24925895984909727,0.24925895984909727,0.24898949070331447
